"I like eat delicious food. That's I'm cooking food myself,case best foods helps lot also best before shelf life
This help eating healthy exercise regular basis,this help eating healthy exercise regular basis
nan,nan
Works great especially going grocery store,works great especially going grocery store
Best idea us,best idea us
Best way,best way
Amazing,amazing
"Looking forward app,
It helpful site ! It help foods get !,it helpful site it help foods get
good you.,good you
"Useful information The amount spelling errors questions validity information shared. Once fixed,stars given
"Thank you! Great app!! Add arthritis,eyes immunity detox foods please EMO_POS
Greatest ever Completely awesome maintain health.... This must ppl there... Love it!!!,greatest ever completely awesome maintain health this must ppl there love it
Good health...... Good health first priority.......,good health good health first priority
nan,nan
Health It's important world either life . think? :),health its important world either life think EMO_POS
"Mrs sunita bhati I thankful developers,to make kind app really good healthy food body
Very Useful in diabetes age 30. I need control sugar. thanks,very useful in diabetes age i need control sugar thanks
One greatest apps.,one greatest apps
good nice,good nice
Healthy Really helped,healthy really helped
God health,god health
HEALTH SHOULD ALWAYS BE TOP PRIORITY. !!. ON MYSG5.,health should always be top priority on mysg5
An excellent A useful,an excellent a useful
I found lot wealth form health...,i found lot wealth form health
Because I found important.,because i found important
Healthy Eating,healthy eating
Very good Simply good,very good simply good
On test....,on test
Good.!!,good
Thanks advice. Downloaded Adobe reader still can't get recipe book?..,thanks advice downloaded adobe reader still cant get recipe book
No recipe book Unable recipe book.,no recipe book unable recipe book
Absolutely Fabulous Phenomenal,absolutely fabulous phenomenal
Great Love food,great love food
Excellent It really works,excellent it really works
Best,best
"WEALTH OF INFORMATION Very informative ... easy understand. (The ads middle page interupted read). Update: My ""ad comment"" NOT objection ads,literally position ads smack dab middle i new spartphones apps didnt know not click eveything i saw but full review
Not description good,not description good
Great app. Love,great app love
Good,good
Loved Very helpful,loved very helpful
Good healthy foods.,good healthy foods
Waste time It needs internet time n ask calls information,waste time it needs internet time n ask calls information
Best thing I lost ten lbs. two months help tips,best thing i lost ten lbs two months help tips
Ten best food promote good health Good health essential long healthy lifestyle make habit eat foods promote good health. Eat fruits veggies every day.,ten best food promote good health good health essential long healthy lifestyle make habit eat foods promote good health eat fruits veggies every day
Healthy Food Really good information eat healthy,healthy food really good information eat healthy
My mom dad important thing This good share,my mom dad important thing this good share
A big thanks ds I got bst gd health,a big thanks ds i got bst gd health
Lovely Best everyone needs,lovely best everyone needs
Love It I lost 6Pounds far 215 209,love it i lost far
I like,i like
Thanks helpful app.,thanks helpful app
good food really good eat,good food really good eat
Thanks Thank u much,thanks thank u much
Love This really good,love this really good
This helpful,this helpful
I love,i love
Very useful,very useful
Great Love,great love
Very informative,very informative
Luv,luv
great,great
Wonderful,wonderful
Doesn't work... Zero,doesnt work zero
Weight loss Not bad,weight loss not bad
10 best foods 4u Excellent chose foods,best foods excellent chose foods
This needed most.,this needed most
Faltu plz waste ur time,faltu plz waste ur time
Best food Thank you recipe book,best food thank you recipe book
I Love Good,i love good
I like Superb,i like superb
Good V good,good v good
Healthy,healthy
Quick Read.,quick read
Great ideas,great ideas
Too good,too good
Cool.,cool
Good,good
Good,good
Best Best,best best
Great Great,great great
"Food list easy I predibetic,i scared all dr said potatoes rice bread he never told i could eat i supplied paperwork stating things could happen me this tells get works thank calming down.awesome app get it
Great wife. My wife enjoy much. She's kinda person like follow health diet... She's spending much time front PC find appropriate diet food her. Now found magnificent app! Thank you! Thumbs up.,great wife my wife enjoy much shes kinda person like follow health diet shes spending much time front pc find appropriate diet food her now found magnificent app thank you thumbs up
Great! Very interesting useful application. I like it!,great very interesting useful application i like it
Crap Doesn't work,crap doesnt work
This 5 starr Download,this starr download
I like Was helpful,i like was helpful
nice super get,nice super get
Nice Nice collection,nice nice collection
Wow,wow
"Interesting. It interesting info,i think worth storage space phone id rather research computer print list neat idea make life easier provide entertainment i expect app
"Luv it! Simple,easy understand well thought i follow step step problems see results i also luv apps gives food choices but looks like foundation keep good work
Not good Its good u net connection u can't play app.so much good.,not good its good u net connection u cant play app.so much good
Awesome resources I begin new journey. I can't see great results!,awesome resources i begin new journey i cant see great results
Boring. I thought actually just texts that's it. Too poor old texts....,boring i thought actually just texts thats it too poor old texts
Love app. It gives way good idea I buying store eating daily basis,love app it gives way good idea i buying store eating daily basis
Great Its really best unique provides detailed information food nutritious staying healthy hats developer giving free.,great its really best unique provides detailed information food nutritious staying healthy hats developer giving free
Nothing special! Could find anything useful!,nothing special could find anything useful
Its ok I love ok.,its ok i love ok
"I like eat delicious food. That's I'm cooking food myself,case best foods helps lot also best before shelf life
This help eating healthy exercise regular basis,this help eating healthy exercise regular basis
nan,nan
Works great especially going grocery store,works great especially going grocery store
Best idea us,best idea us
Best way,best way
Amazing,amazing
nan,nan
"Looking forward app,
It helpful site ! It help foods get !,it helpful site it help foods get
good you.,good you
"Useful information The amount spelling errors questions validity information shared. Once fixed,stars given
"Thank you! Great app!! Add arthritis,eyes immunity detox foods please EMO_POS
Greatest ever Completely awesome maintain health.... This must ppl there... Love it!!!,greatest ever completely awesome maintain health this must ppl there love it
Good health...... Good health first priority.......,good health good health first priority
Health It's important world either life . think? :),health its important world either life think EMO_POS
"Mrs sunita bhati I thankful developers,to make kind app really good healthy food body
Very Useful in diabetes age 30. I need control sugar. thanks,very useful in diabetes age i need control sugar thanks
One greatest apps.,one greatest apps
good nice,good nice
Healthy Really helped,healthy really helped
God health,god health
HEALTH SHOULD ALWAYS BE TOP PRIORITY. !!. ON MYSG5.,health should always be top priority on mysg5
An excellent A useful,an excellent a useful
I found lot wealth form health...,i found lot wealth form health
Because I found important.,because i found important
Healthy Eating,healthy eating
Very good Simply good,very good simply good
On test....,on test
Good.!!,good
Thanks advice. Downloaded Adobe reader still can't get recipe book?..,thanks advice downloaded adobe reader still cant get recipe book
No recipe book Unable recipe book.,no recipe book unable recipe book
Absolutely Fabulous Phenomenal,absolutely fabulous phenomenal
Great Love food,great love food
Excellent It really works,excellent it really works
Best,best
"WEALTH OF INFORMATION Very informative ... easy understand. (The ads middle page interupted read). Update: My ""ad comment"" NOT objection ads,literally position ads smack dab middle i new spartphones apps didnt know not click eveything i saw but full review
Not description good,not description good
Great app. Love,great app love
Good,good
Loved Very helpful,loved very helpful
Good healthy foods.,good healthy foods
Waste time It needs internet time n ask calls information,waste time it needs internet time n ask calls information
Best thing I lost ten lbs. two months help tips,best thing i lost ten lbs two months help tips
Ten best food promote good health Good health essential long healthy lifestyle make habit eat foods promote good health. Eat fruits veggies every day.,ten best food promote good health good health essential long healthy lifestyle make habit eat foods promote good health eat fruits veggies every day
Healthy Food Really good information eat healthy,healthy food really good information eat healthy
My mom dad important thing This good share,my mom dad important thing this good share
A big thanks ds I got bst gd health,a big thanks ds i got bst gd health
Lovely Best everyone needs,lovely best everyone needs
Love It I lost 6Pounds far 215 209,love it i lost far
I like,i like
Thanks helpful app.,thanks helpful app
good food really good eat,good food really good eat
Thanks Thank u much,thanks thank u much
Love This really good,love this really good
This helpful,this helpful
I love,i love
Very useful,very useful
Great Love,great love
Very informative,very informative
Luv,luv
great,great
Wonderful,wonderful
Doesn't work... Zero,doesnt work zero
Weight loss Not bad,weight loss not bad
10 best foods 4u Excellent chose foods,best foods excellent chose foods
This needed most.,this needed most
Faltu plz waste ur time,faltu plz waste ur time
Best food Thank you recipe book,best food thank you recipe book
I Love Good,i love good
I like Superb,i like superb
Good V good,good v good
Healthy,healthy
Quick Read.,quick read
Great ideas,great ideas
Too good,too good
Cool.,cool
Good,good
Good,good
Best Best,best best
Great Great,great great
"Food list easy I predibetic,i scared all dr said potatoes rice bread he never told i could eat i supplied paperwork stating things could happen me this tells get works thank calming down.awesome app get it
Great wife. My wife enjoy much. She's kinda person like follow health diet... She's spending much time front PC find appropriate diet food her. Now found magnificent app! Thank you! Thumbs up.,great wife my wife enjoy much shes kinda person like follow health diet shes spending much time front pc find appropriate diet food her now found magnificent app thank you thumbs up
Great! Very interesting useful application. I like it!,great very interesting useful application i like it
Crap Doesn't work,crap doesnt work
This 5 starr Download,this starr download
I like Was helpful,i like was helpful
nice super get,nice super get
Nice Nice collection,nice nice collection
Wow,wow
"Interesting. It interesting info,i think worth storage space phone id rather research computer print list neat idea make life easier provide entertainment i expect app
"Luv it! Simple,easy understand well thought i follow step step problems see results i also luv apps gives food choices but looks like foundation keep good work
Not good Its good u net connection u can't play app.so much good.,not good its good u net connection u cant play app.so much good
Awesome resources I begin new journey. I can't see great results!,awesome resources i begin new journey i cant see great results
Boring. I thought actually just texts that's it. Too poor old texts....,boring i thought actually just texts thats it too poor old texts
Love app. It gives way good idea I buying store eating daily basis,love app it gives way good idea i buying store eating daily basis
Great Its really best unique provides detailed information food nutritious staying healthy hats developer giving free.,great its really best unique provides detailed information food nutritious staying healthy hats developer giving free
Nothing special! Could find anything useful!,nothing special could find anything useful
Its ok I love ok.,its ok i love ok
