id,review
1,i like eat delicious food thats im cooking food myself case best foods helps lot also best before shelf life
2,this help eating healthy exercise regular basis
3,nan
4,works great especially going grocery store
5,best idea us
6,best way
7,amazing
8,looking forward app
9,it helpful site it help foods get
10,good you
11,useful information the amount spelling errors questions validity information shared once fixed stars given
12,thank you great app add arthritis eyes immunity detox foods please EMO_POS
13,greatest ever completely awesome maintain health this must ppl there love it
14,good health good health first priority
15,nan
16,health its important world either life think EMO_POS
17,mrs sunita bhati i thankful make kind app really good healthy food body
18,very useful in diabetes age i need control sugar thanks
19,one greatest apps
20,good nice
21,healthy really helped
22,god health
23,health should always be top priority on mysg5
24,an excellent a useful
25,i found lot wealth form health
26,because i found important
27,healthy eating
28,very good simply good
29,on test
30,good
31,thanks advice downloaded adobe reader still cant get recipe book
32,no recipe book unable recipe book
33,absolutely fabulous phenomenal
34,great love food
35,excellent it really works
36,best
37,wealth of information very informative easy understand the ads middle page interupted read update my ad comment not objection ads literally position ads smack dab middle i new spartphones apps didnt know not click eveything i saw but full review
38,not description good
39,great app love
40,good
41,loved very helpful
42,good healthy foods
43,waste time it needs internet time n ask calls information
44,best thing i lost ten lbs two months help tips
45,ten best food promote good health good health essential long healthy lifestyle make habit eat foods promote good health eat fruits veggies every day
46,healthy food really good information eat healthy
47,my mom dad important thing this good share
48,a big thanks ds i got bst gd health
49,lovely best everyone needs
50,love it i lost far
51,i like
52,thanks helpful app
53,good food really good eat
54,thanks thank u much
55,love this really good
56,this helpful
57,i love
58,very useful
59,great love
60,very informative
61,luv
62,great
63,wonderful
64,doesnt work zero
65,weight loss not bad
66,best foods excellent chose foods
67,this needed most
68,faltu plz waste ur time
69,best food thank you recipe book
70,i love good
71,i like superb
72,good v good
73,healthy
74,quick read
75,great ideas
76,too good
77,cool
78,good
79,good
80,best best
81,great great
82,food list easy i predibetic i scared all dr said potatoes rice bread he never told i could eat i supplied paperwork stating things could happen me this tells get works thank calming down.awesome app get it
83,great wife my wife enjoy much shes kinda person like follow health diet shes spending much time front pc find appropriate diet food her now found magnificent app thank you thumbs up
84,great very interesting useful application i like it
85,crap doesnt work
86,this starr download
87,i like was helpful
88,nice super get
89,nice nice collection
90,wow
91,interesting it interesting info i think worth storage space phone id rather research computer print list neat idea make life easier provide entertainment i expect app
92,luv it simple easy understand well thought i follow step step problems see results i also luv apps gives food choices but looks like foundation keep good work
93,not good its good u net connection u cant play app.so much good
94,awesome resources i begin new journey i cant see great results
95,boring i thought actually just texts thats it too poor old texts
96,love app it gives way good idea i buying store eating daily basis
97,great its really best unique provides detailed information food nutritious staying healthy hats developer giving free
98,nothing special could find anything useful
99,its ok i love ok
100,i like eat delicious food thats im cooking food myself case best foods helps lot also best before shelf life
101,this help eating healthy exercise regular basis
102,nan
103,works great especially going grocery store
104,best idea us
105,best way
106,amazing
107,nan
108,looking forward app
109,it helpful site it help foods get
110,good you
111,useful information the amount spelling errors questions validity information shared once fixed stars given
112,thank you great app add arthritis eyes immunity detox foods please EMO_POS
113,greatest ever completely awesome maintain health this must ppl there love it
114,good health good health first priority
115,health its important world either life think EMO_POS
116,mrs sunita bhati i thankful make kind app really good healthy food body
117,very useful in diabetes age i need control sugar thanks
118,one greatest apps
119,good nice
120,healthy really helped
121,god health
122,health should always be top priority on mysg5
123,an excellent a useful
124,i found lot wealth form health
125,because i found important
126,healthy eating
127,very good simply good
128,on test
129,good
130,thanks advice downloaded adobe reader still cant get recipe book
131,no recipe book unable recipe book
132,absolutely fabulous phenomenal
133,great love food
134,excellent it really works
135,best
136,wealth of information very informative easy understand the ads middle page interupted read update my ad comment not objection ads literally position ads smack dab middle i new spartphones apps didnt know not click eveything i saw but full review
137,not description good
138,great app love
139,good
140,loved very helpful
141,good healthy foods
142,waste time it needs internet time n ask calls information
143,best thing i lost ten lbs two months help tips
144,ten best food promote good health good health essential long healthy lifestyle make habit eat foods promote good health eat fruits veggies every day
145,healthy food really good information eat healthy
146,my mom dad important thing this good share
147,a big thanks ds i got bst gd health
148,lovely best everyone needs
149,love it i lost far
150,i like
151,thanks helpful app
152,good food really good eat
153,thanks thank u much
154,love this really good
155,this helpful
156,i love
157,very useful
158,great love
159,very informative
160,luv
161,great
162,wonderful
163,doesnt work zero
164,weight loss not bad
165,best foods excellent chose foods
166,this needed most
167,faltu plz waste ur time
168,best food thank you recipe book
169,i love good
170,i like superb
171,good v good
172,healthy
173,quick read
174,great ideas
175,too good
176,cool
177,good
178,good
179,best best
180,great great
181,food list easy i predibetic i scared all dr said potatoes rice bread he never told i could eat i supplied paperwork stating things could happen me this tells get works thank calming down.awesome app get it
182,great wife my wife enjoy much shes kinda person like follow health diet shes spending much time front pc find appropriate diet food her now found magnificent app thank you thumbs up
183,great very interesting useful application i like it
184,crap doesnt work
185,this starr download
186,i like was helpful
187,nice super get
188,nice nice collection
189,wow
190,interesting it interesting info i think worth storage space phone id rather research computer print list neat idea make life easier provide entertainment i expect app
191,luv it simple easy understand well thought i follow step step problems see results i also luv apps gives food choices but looks like foundation keep good work
192,not good its good u net connection u cant play app.so much good
193,awesome resources i begin new journey i cant see great results
194,boring i thought actually just texts thats it too poor old texts
195,love app it gives way good idea i buying store eating daily basis
196,great its really best unique provides detailed information food nutritious staying healthy hats developer giving free
197,nothing special could find anything useful
198,its ok i love ok
