id,review
1,"I like eat delicious food. That's I'm cooking food myself, case ""10 Best Foods"" helps lot, also ""Best Before (Shelf Life)"""
2,This help eating healthy exercise regular basis
3,nan
4,Works great especially going grocery store
5,Best idea us
6,Best way
7,Amazing
8,"Looking forward app,"
9,It helpful site ! It help foods get !
10,good you.
11,"Useful information The amount spelling errors questions validity information shared. Once fixed, 5 stars given."
12,"Thank you! Great app!! Add arthritis, eyes, immunity, kidney/liver detox foods please. :)"
13,Greatest ever Completely awesome maintain health.... This must ppl there... Love it!!!
14,Good health...... Good health first priority.......
15,nan
16,Health It's important world either life . think? :)
17,"Mrs sunita bhati I thankful developers,to make kind app, really good healthy food body"
18,Very Useful in diabetes age 30. I need control sugar. thanks
19,One greatest apps.
20,good nice
21,Healthy Really helped
22,God health
23,HEALTH SHOULD ALWAYS BE TOP PRIORITY. !!. ON MYSG5.
24,An excellent A useful
25,I found lot wealth form health...
26,Because I found important.
27,Healthy Eating
28,Very good Simply good
29,On test....
30,Good.!!
31,Thanks advice. Downloaded Adobe reader still can't get recipe book?..
32,No recipe book Unable recipe book.
33,Absolutely Fabulous Phenomenal
34,Great Love food
35,Excellent It really works
36,Best
37,"WEALTH OF INFORMATION Very informative ... easy understand. (The ads middle page interupted read). Update: My ""ad comment"" NOT objection ads, literally position ads. Smack dab MIDDLE. I new spartphones & apps. Didnt know NOT Click eveything I saw... But, ... Full Review"
38,Not description good
39,Great app. Love
40,Good
41,Loved Very helpful
42,Good healthy foods.
43,Waste time It needs internet time n ask calls information
44,Best thing I lost ten lbs. two months help tips
45,Ten best food promote good health Good health essential long healthy lifestyle make habit eat foods promote good health. Eat fruits veggies every day.
46,Healthy Food Really good information eat healthy
47,My mom dad important thing This good share
48,A big thanks ds I got bst gd health
49,Lovely Best everyone needs
50,Love It I lost 6Pounds far 215 209
51,I like
52,Thanks helpful app.
53,good food really good eat
54,Thanks Thank u much
55,Love This really good
56,This helpful
57,I love
58,Very useful
59,Great Love
60,Very informative
61,Luv
62,great
63,Wonderful
64,Doesn't work... Zero
65,Weight loss Not bad
66,10 best foods 4u Excellent chose foods
67,This needed most.
68,Faltu plz waste ur time
69,Best food Thank you recipe book
70,I Love Good
71,I like Superb
72,Good V good
73,Healthy
74,Quick Read.
75,Great ideas
76,Too good
77,Cool.
78,Good
79,Good
80,Best Best
81,Great Great
82,"Food list easy I predibetic, I scared. All Dr. said potatoes, rice, bread. He never told I could eat. I supplied paperwork stating things could happen me. This tells get works. Thank calming down.AWESOME APP. GET IT!!!!"
83,Great wife. My wife enjoy much. She's kinda person like follow health diet... She's spending much time front PC find appropriate diet food her. Now found magnificent app! Thank you! Thumbs up.
84,Great! Very interesting useful application. I like it!
85,Crap Doesn't work
86,This 5 starr Download
87,I like Was helpful
88,nice super get
89,Nice Nice collection
90,Wow
91,"Interesting. It interesting info, I think worth storage space phone. I'd rather research computer print list. Neat idea, make life easier, provide entertainment, I expect app."
92,"Luv it! Simple, easy understand, well thought I follow step step problems see results. I also luv apps, gives food choices. But looks like foundation. Keep good work!"
93,Not good Its good u net connection u can't play app.so much good.
94,Awesome resources I begin new journey. I can't see great results!
95,Boring. I thought actually just texts that's it. Too poor old texts....
96,Love app. It gives way good idea I buying store eating daily basis
97,Great Its really best unique provides detailed information food nutritious staying healthy hats developer giving free.
98,Nothing special! Could find anything useful!
99,Its ok I love ok.
100,"I like eat delicious food. That's I'm cooking food myself, case ""10 Best Foods"" helps lot, also ""Best Before (Shelf Life)"""
101,This help eating healthy exercise regular basis
102,nan
103,Works great especially going grocery store
104,Best idea us
105,Best way
106,Amazing
107,nan
108,"Looking forward app,"
109,It helpful site ! It help foods get !
110,good you.
111,"Useful information The amount spelling errors questions validity information shared. Once fixed, 5 stars given."
112,"Thank you! Great app!! Add arthritis, eyes, immunity, kidney/liver detox foods please. :)"
113,Greatest ever Completely awesome maintain health.... This must ppl there... Love it!!!
114,Good health...... Good health first priority.......
115,Health It's important world either life . think? :)
116,"Mrs sunita bhati I thankful developers,to make kind app, really good healthy food body"
117,Very Useful in diabetes age 30. I need control sugar. thanks
118,One greatest apps.
119,good nice
120,Healthy Really helped
121,God health
122,HEALTH SHOULD ALWAYS BE TOP PRIORITY. !!. ON MYSG5.
123,An excellent A useful
124,I found lot wealth form health...
125,Because I found important.
126,Healthy Eating
127,Very good Simply good
128,On test....
129,Good.!!
130,Thanks advice. Downloaded Adobe reader still can't get recipe book?..
131,No recipe book Unable recipe book.
132,Absolutely Fabulous Phenomenal
133,Great Love food
134,Excellent It really works
135,Best
136,"WEALTH OF INFORMATION Very informative ... easy understand. (The ads middle page interupted read). Update: My ""ad comment"" NOT objection ads, literally position ads. Smack dab MIDDLE. I new spartphones & apps. Didnt know NOT Click eveything I saw... But, ... Full Review"
137,Not description good
138,Great app. Love
139,Good
140,Loved Very helpful
141,Good healthy foods.
142,Waste time It needs internet time n ask calls information
143,Best thing I lost ten lbs. two months help tips
144,Ten best food promote good health Good health essential long healthy lifestyle make habit eat foods promote good health. Eat fruits veggies every day.
145,Healthy Food Really good information eat healthy
146,My mom dad important thing This good share
147,A big thanks ds I got bst gd health
148,Lovely Best everyone needs
149,Love It I lost 6Pounds far 215 209
150,I like
151,Thanks helpful app.
152,good food really good eat
153,Thanks Thank u much
154,Love This really good
155,This helpful
156,I love
157,Very useful
158,Great Love
159,Very informative
160,Luv
161,great
162,Wonderful
163,Doesn't work... Zero
164,Weight loss Not bad
165,10 best foods 4u Excellent chose foods
166,This needed most.
167,Faltu plz waste ur time
168,Best food Thank you recipe book
169,I Love Good
170,I like Superb
171,Good V good
172,Healthy
173,Quick Read.
174,Great ideas
175,Too good
176,Cool.
177,Good
178,Good
179,Best Best
180,Great Great
181,"Food list easy I predibetic, I scared. All Dr. said potatoes, rice, bread. He never told I could eat. I supplied paperwork stating things could happen me. This tells get works. Thank calming down.AWESOME APP. GET IT!!!!"
182,Great wife. My wife enjoy much. She's kinda person like follow health diet... She's spending much time front PC find appropriate diet food her. Now found magnificent app! Thank you! Thumbs up.
183,Great! Very interesting useful application. I like it!
184,Crap Doesn't work
185,This 5 starr Download
186,I like Was helpful
187,nice super get
188,Nice Nice collection
189,Wow
190,"Interesting. It interesting info, I think worth storage space phone. I'd rather research computer print list. Neat idea, make life easier, provide entertainment, I expect app."
191,"Luv it! Simple, easy understand, well thought I follow step step problems see results. I also luv apps, gives food choices. But looks like foundation. Keep good work!"
192,Not good Its good u net connection u can't play app.so much good.
193,Awesome resources I begin new journey. I can't see great results!
194,Boring. I thought actually just texts that's it. Too poor old texts....
195,Love app. It gives way good idea I buying store eating daily basis
196,Great Its really best unique provides detailed information food nutritious staying healthy hats developer giving free.
197,Nothing special! Could find anything useful!
198,Its ok I love ok.
