id,review
1,i like eat delicious food thats im cooking food myself case best foods helps lot also best before shelf life
2,this help eating healthy exercise regular basis
3,nan
4,works great especially going grocery store
5,best idea us
6,poor application
7,this app is fraud
8,do not install this app this is a fraudulent app which stole identity it is identity theft app
9,identity theft
10,very bad application
11,it sends automatic spam messages dont install it
12,fraudulent app
13,very bad application
14,insecure
15,poor application and bad
16,health its important world either life think EMO_POS
17,mrs sunita bhati i thankful make kind app really good healthy food body
18,very useful in diabetes age i need control sugar thanks
19,one greatest apps
20,good nice
21,healthy really helped
22,god health
23,health should always be top priority on mysg5
24,an excellent a useful
25,i found lot wealth form health
26,because i found useless
27,healthy eating
28,very good simply good
29,on test
30,bad
31,thanks advice downloaded adobe reader still cant get recipe book
32,no recipe book unable recipe book
33,absolutely fabulous phenomenal
34,it makes abuse of userid and password of emails
35,this application cheat users
