id,review
1,"I like eat delicious food. That's I'm cooking food myself, case ""10 Best Foods"" helps lot, also ""Best Before (Shelf Life)"""
2,This help eating healthy exercise regular basis
3,nan
4,Works great especially going grocery store
5,Best idea us
6,poor application
7,This app is fraud
8,do not install this app this is a fraudulent app which stole identity. It is identity theft app
9,Identity theft
10,very bad application
11,It sends automatic spam messages don't install it
12,fraudulent app
13,very bad application
14,insecure
15,poor application and bad 
16,Health It's important world either life . think? :)
17,"Mrs sunita bhati I thankful developers,to make kind app, really good healthy food body"
18,Very Useful in diabetes age 30. I need control sugar. thanks
19,One greatest apps.
20,good nice
21,Healthy Really helped
22,God health
23,HEALTH SHOULD ALWAYS BE TOP PRIORITY. !!. ON MYSG5.
24,An excellent A useful
25,I found lot wealth form health...
26,Because I found useless
27,Healthy Eating
28,Very good Simply good
29,On test....
30,Bad
31,Thanks advice. Downloaded Adobe reader still can't get recipe book?..
32,No recipe book Unable recipe book.
33,Absolutely Fabulous Phenomenal
34,it makes abuse of userid and password of emails
35,this application cheat users
