id,label,tweet
1,2,b'I majored in political science in college. I used to know all my local reps. I used to care. I don\xe2\x80\x99t fucking care a\xe2\x80\xa6 https://t.co/YOQBY0ZIMN'
2,2,b'RT @Sashalpz6617: For hacking or any account Recovery Dm now ! #Roblox #RobloxDown #TikTok #Discord #reddit #Data Science #Data Scientists\xe2\x80\xa6'
3,2,b'For hacking or any account Recovery Dm now ! #Roblox #RobloxDown #TikTok #Discord #reddit #Data Science #Data Scien\xe2\x80\xa6 https://t.co/Cor7xZFrgQ'
4,0,b'RT @PattMeeples: \xf0\x9f\xa5\x81 Today is the day! @tombrughmans and I are excited to announce the Online Companion to our book  Network Science in Archa\xe2\x80\xa6'
5,0,b'RT @rabernat: So excited about the new data coming in from SWOT! It has been such a privilege to be part of this science team over the past\xe2\x80\xa6'
6,2,b'RT @zezaht: As part of my Data Science and Business Analytics internship at   @tsfsingapore I performed an exploratory data analysis on a g\xe2\x80\xa6'
7,2,b'@CivicNatalist @upstatefederlst Based on a bit of googling for major studies it seems like the conventional wisdom\xe2\x80\xa6 https://t.co/p8qZC0m9I4'
8,0,b'RT @theliverdr: 2/\nApart from featuring science-based data  it also featured prevention and treatment options for Covid from The Ministry o\xe2\x80\xa6'
9,2,b'slavery can be dated\nby dental health.\nbut\nscience requires data.\n#anthropology #dentistry #equality'
10,2,b'RT @Sumanth_077: Statistics is one of the most important skills for a Data Scientist\n\nLearn Statistics for Data Science and get your fundam\xe2\x80\xa6'
11,2,b'@RehanJayawick Usually most people who are homophobic have deep seated homosexual tendencies themselves and suffer\xe2\x80\xa6 https://t.co/JlRZh5E63b'
12,0,b'RT @elMunir5: 2. EdX is another platform for online courses  and offers a variety of data analytics courses from institutions around the wo\xe2\x80\xa6'
13,2,b'RT @Bagusism: Wanted to learn everything about data science but alas  I only have 24 hrs to live everyday  which 8 hours already for sleepi\xe2\x80\xa6'
14,2,b'@madrasikp @Danish_SMF @InfiDale3476 Science is not simply based on measurements  though measurements are a vital p\xe2\x80\xa6 https://t.co/yp0M30L3Kf'
15,1,b'RT @katecrawford: There is a real problem here. Scientists and researchers like me have no way to know what Bard  GPT4  or Sydney are train\xe2\x80\xa6'
16,1,"b'RT @RichardHanania: Why not to trust most ""science"" in one chart. https://t.co/qKh9C7mYLA https://t.co/5Skeo0jG4o'"
17,2,"b""IT'S A DOG POO FART! TO BE EXCEPT FOR DOG AND MOST DANGEROUS. IT'S A LITTERBOX. LET'S WATCH WHAT THE DO NOTHING OF\xe2\x80\xa6 https://t.co/dZxfs0Hbdu"""
18,0,b'RT @theliverdr: 2/\nApart from featuring science-based data  it also featured prevention and treatment options for Covid from The Ministry o\xe2\x80\xa6'
19,2,b'RT @zezaht: As part of my Data Science and Business Analytics internship at   @tsfsingapore I performed an exploratory data analysis on a g\xe2\x80\xa6'
20,2,b'RT @DataSciencetut: Best Data Science YouTube Tutorials Free to Learn https://t.co/n4uPqsKvkY #datascience #programming #rstudio #statistic\xe2\x80\xa6'
21,2,b'RT @stefanauer_hku: \xe2\x80\x9cthe discipline of political science has been almost completely colonized by mathematical models  data analysis  and nu\xe2\x80\xa6'
22,2,b'RT @OgbeniDipo: Top 15 In-Demand Tech Skills For 2023\n\xe2\x80\xa2AI\n\xe2\x80\xa2AR\n\xe2\x80\xa2Blockchain\n\xe2\x80\xa2Cybersecurity\n\xe2\x80\xa2Cloud Computing\n\xe2\x80\xa2Data Science\n\xe2\x80\xa2DevOps\n\xe2\x80\xa2Digital Ma\xe2\x80\xa6'
23,2,b'RT @Sumanth_077: Statistics is one of the most important skills for a Data Scientist\n\nLearn Statistics for Data Science and get your fundam\xe2\x80\xa6'
24,2,b'RT @stefanauer_hku: \xe2\x80\x9cthe discipline of political science has been almost completely colonized by mathematical models  data analysis  and nu\xe2\x80\xa6'
25,2,b'RT @Uniswap: Our experts @xin__wan and @AustinAdams10 are speaking today at @DuneAnalytics DuneCon about data science on Uniswap v3 and the\xe2\x80\xa6'
26,2,b'RT @Sumanth_077: Statistics is one of the most important skills for a Data Scientist\n\nLearn Statistics for Data Science and get your fundam\xe2\x80\xa6'
27,2,b'RT @stefanauer_hku: \xe2\x80\x9cthe discipline of political science has been almost completely colonized by mathematical models  data analysis  and nu\xe2\x80\xa6'
28,2,b'RT @theliverdr: 2/\nApart from featuring science-based data  it also featured prevention and treatment options for Covid from The Ministry o\xe2\x80\xa6'
29,2,"b""RT @mdancho84: What's the next step?\n\nRegister for my free ChatGPT for Data Science training \n\nAnd gain 5 more recipes for applying chatgpt\xe2\x80\xa6"""
30,2,b'RT @stefanauer_hku: \xe2\x80\x9cthe discipline of political science has been almost completely colonized by mathematical models  data analysis  and nu\xe2\x80\xa6'
31,2,b'RT @Synthetaic: Synthetaic was the first to find the Chinese balloon in space-based data  and now we\xe2\x80\x99ve traced it all the way back to its o\xe2\x80\xa6'
32,2,b'RT @DKadengye: Hello tweeps! We have a number of open positions at my employer. All new positions in Data Science  Communications  Research\xe2\x80\xa6'
33,2,b'RT @OgbeniDipo: Top 15 In-Demand Tech Skills For 2023\n\xe2\x80\xa2AI\n\xe2\x80\xa2AR\n\xe2\x80\xa2Blockchain\n\xe2\x80\xa2Cybersecurity\n\xe2\x80\xa2Cloud Computing\n\xe2\x80\xa2Data Science\n\xe2\x80\xa2DevOps\n\xe2\x80\xa2Digital Ma\xe2\x80\xa6'
34,2,b'RT @theliverdr: 2/\nApart from featuring science-based data  it also featured prevention and treatment options for Covid from The Ministry o\xe2\x80\xa6'
35,2,"b""RT @KiTETechCollege: Take a look at the photos captured during the session on Design Thinking and Innovation organized by the Institution's\xe2\x80\xa6"""
36,2,b'@Kynsofficial Abeg is data science high demanding'
37,2,b'RT @DataSciencetut: Best Data Science YouTube Tutorials Free to Learn https://t.co/n4uPqsKvkY #datascience #programming #rstudio #statistic\xe2\x80\xa6'
38,2,b'Open for the ff types of Essays: \n\n- Academic\n- Analytic\n- Criminology\n- Philosophy\n- Ethics\n- Rizal \n- Art\n- Biolo\xe2\x80\xa6 https://t.co/AmCTirfQ7q'
39,2,b'RT @gp_pulipaka: Top Tech #Books on Key Landscape! #BigData #Analytics #DataScience #IoT #IIoT #PyTorch #Python #RStats #TensorFlow #Java #\xe2\x80\xa6'
40,2,b'RT @gp_pulipaka: Top 6 #DataScience #Books for Beginners \xe2\x80\x93 2023 by Alieen Scott! #BigData #Analytics #AI #MachineLearning #IoT #IIoT #Pytho\xe2\x80\xa6'
41,2,"b""RT @CKyobutungi: It's Friday and #IkoKaziKE \nCheck out open positions at .@aphrc in data science  ECD  Inclusive Education  SRMNACH  M&amp;E  C\xe2\x80\xa6"""
42,2,b'@_H0LLOW_PRIV @AtheismAdvocate @NickJay17553433 @AtheistWhoopAss @holydecanter LOL that tweet actually is not true\xe2\x80\xa6 https://t.co/Dm9MrcaSuI'
43,2,b'RT @TonyClimate: US temperature data is being tampered with by @NOAA to precisely match the rise in atmospheric CO2.  The data is being alt\xe2\x80\xa6'
44,2,b'UN Volunteer breaking gender barriers in data science https://t.co/JzMcSXI7Ye  #DataScience'
45,2,b'RT @OgbeniDipo: Top 15 In-Demand Tech Skills For 2023\n\xe2\x80\xa2AI\n\xe2\x80\xa2AR\n\xe2\x80\xa2Blockchain\n\xe2\x80\xa2Cybersecurity\n\xe2\x80\xa2Cloud Computing\n\xe2\x80\xa2Data Science\n\xe2\x80\xa2DevOps\n\xe2\x80\xa2Digital Ma\xe2\x80\xa6'
46,2,b'RT @DataSciencetut: Best Data Science YouTube Tutorials Free to Learn https://t.co/n4uPqsKvkY #datascience #programming #rstudio #statistic\xe2\x80\xa6'
47,2,b'RT @gp_pulipaka: Top Books on AI Every Enthusiast Must Read! #BigData #Analytics #DataScience #IoT #IIoT #PyTorch #Python #RStats #TensorFl\xe2\x80\xa6'
48,2,b'RT @gp_pulipaka: Top Books on AI Every Enthusiast Must Read! #BigData #Analytics #DataScience #IoT #IIoT #PyTorch #Python #RStats #TensorFl\xe2\x80\xa6'
49,2,b'RT @gp_pulipaka: Top 6 #DataScience #Books for Beginners \xe2\x80\x93 2023 by Alieen Scott! #BigData #Analytics #AI #MachineLearning #IoT #IIoT #Pytho\xe2\x80\xa6'
50,2,b'RT @gp_pulipaka: Top Tech #Books on Key Landscape! #BigData #Analytics #DataScience #IoT #IIoT #PyTorch #Python #RStats #TensorFlow #Java #\xe2\x80\xa6'
51,2,b'RT @AnetKostadinova: New in @CRPVBD\n\nAnalysis of morphometric data and environmental conditions can improve delimitation of T. pallidipenni\xe2\x80\xa6'
52,2,b'Best Data Science YouTube Tutorials Free to Learn https://t.co/n4uPqsKvkY #datascience #programming #rstudio #statistics #rstats'
53,2,b'RT @gp_pulipaka: Top 6 #DataScience #Books for Beginners \xe2\x80\x93 2023 by Alieen Scott! #BigData #Analytics #AI #MachineLearning #IoT #IIoT #Pytho\xe2\x80\xa6'
54,2,"b'RT @avikumart_: LAST 2 DAYS REMAIN BEFORE  DATA SCIENCE GIVEAWAY ENDS\xf0\x9f\x94\xa5\n\n3 PAID entries to ""Mega guided projects"" completely FREE\n\nTo partic\xe2\x80\xa6'"
55,2,b'RT @gp_pulipaka: Top 6 #DataScience #Books for Beginners \xe2\x80\x93 2023 by Alieen Scott! #BigData #Analytics #AI #MachineLearning #IoT #IIoT #Pytho\xe2\x80\xa6'
56,2,b'Two dead after 15 migrants found trapped in train in Texas https://t.co/LDWbLkAKqc #3Novices #Meghashyam Thiruveedu\xe2\x80\xa6 https://t.co/KB8ovbdwt8'
57,2,b'Fake AI images of Trump  Putin arrest go viral https://t.co/ysjaeOMbOX #3Novices #Meghashyam Thiruveedula #Data Science #Machine Learning'
58,2,b'RT @FogartyUk: It is real now!!!\n\n2nd edition of Quantitative Social Science Data with R #rstats #qssd #qstep https://t.co/ThmAa4VQrn'
59,2,b'RT @DataScienceDojo: \xf0\x9f\x98\x82 Time for you to take a short break: here is a weekly data science joke  hoping it to bring laughs for you all!\n\n#Dat\xe2\x80\xa6'
60,2,b'RT @_ClimateCraze: Science shows that more CO2 can increase air temperature.  A warmer atmosphere allows higher humidity  which supports mo\xe2\x80\xa6'
61,2,b'RT @theliverdr: 2/\nApart from featuring science-based data  it also featured prevention and treatment options for Covid from The Ministry o\xe2\x80\xa6'
62,2,"b""RT @DecimalP: Recently our team at Decimal shared insights with the students of Bandodkar College of Science about the 'Career Opportunitie\xe2\x80\xa6"""
63,2,"b""RT @KiTETechCollege: Take a look at the photos captured during the session on Design Thinking and Innovation organized by the Institution's\xe2\x80\xa6"""
64,2,"b""Recently our team at Decimal shared insights with the students of Bandodkar College of Science about the 'Career Op\xe2\x80\xa6 https://t.co/bo4yGZwjjy"""
65,2,b'Goldman Sachs is looking for a Full Stack Developer - Data Science - Data Engineering\nhttps://t.co/NtJP1NXUb5 Dalla\xe2\x80\xa6 https://t.co/IcdknHIAVg'
66,2,b'RT @theliverdr: 2/\nApart from featuring science-based data  it also featured prevention and treatment options for Covid from The Ministry o\xe2\x80\xa6'
67,2,b'I am personally fucking fed up. They need me more than I need them. I love research and I want my PhD but I could l\xe2\x80\xa6 https://t.co/ioBXSgKKEd'
68,2,b'Take a look at the photos captured during the session on Design Thinking and Innovation organized by the Institutio\xe2\x80\xa6 https://t.co/GtuB7seyFY'
69,2,b'RT @tunguz: I am really excited to share with you something that @NathanLands and I have been working on for the past couple of months. We\xe2\x80\xa6'
70,2,"b""RT @TheCommAtlas: Discover the ODSC Data Science Boston community hosted by @odsc! With an Online Engagement Ranking of 99%  you'll have ac\xe2\x80\xa6"""
71,2,b'RT @oyindamogold: @googledevs @WomenTechmakers Amazing  I have signed up and requested to be a feature attendee. I am evolving from 20  yea\xe2\x80\xa6'
72,2,b'RT @DataScience_jbs: Goldman Sachs is looking for a Full Stack Developer - Data Science - Data Engineering\nhttps://t.co/1uaAiv9FCr Dallas \xe2\x80\xa6'
73,2,"b'RT @JohnIsa69517391: Remember this.\n""We\'re going by the science and the data "" said Whitmer and Khaldun during the pandemic. These 2 deceit\xe2\x80\xa6'"
74,2,b'@googledevs @WomenTechmakers Amazing  I have signed up and requested to be a feature attendee. I am evolving from 2\xe2\x80\xa6 https://t.co/78Ze7gDCL6'
75,2,"b""Discover the ODSC Data Science Boston community hosted by @odsc! With an Online Engagement Ranking of 99%  you'll h\xe2\x80\xa6 https://t.co/nOKEyBxg4D"""
76,2,b'Goldman Sachs is looking for a Full Stack Developer - Data Science - Data Engineering\nhttps://t.co/1uaAiv9FCr Dalla\xe2\x80\xa6 https://t.co/e90Q9wjpEm'
77,2,b'POO MYSQL AND MORE  BIPAN THE SOUTHERN AND THE BIG DATA SCIENCE THIS TO THE CHINA EXPERT. IS FART BILLIARDS AND THE\xe2\x80\xa6 https://t.co/FB85WQA1fb'
78,2,b'RT @theliverdr: 2/\nApart from featuring science-based data  it also featured prevention and treatment options for Covid from The Ministry o\xe2\x80\xa6'
79,2,"b'@Tammy68610003 @BritishTrojan @FoxNews It literally said in the article ""investigators wrote"". Investigators wrote.\xe2\x80\xa6 https://t.co/G2k48Ptuc0'"
80,2,b'RT @gp_pulipaka: Top Books on AI Every Enthusiast Must Read! #BigData #Analytics #DataScience #IoT #IIoT #PyTorch #Python #RStats #TensorFl\xe2\x80\xa6'
81,2,b'RT @avikumart_: 10 Data science certifications you can consider to build a solid CV that stands out from the crowd\xf0\x9f\x92\xaa\n\n(Add credentials you n\xe2\x80\xa6'
82,2,b'@JunkScience Gee  in 1929 they didn\xe2\x80\x99t realise the world was already heating up due to carbon emissions?\n\nI guess th\xe2\x80\xa6 https://t.co/moJACrj30o'
83,2,b'https://t.co/hk0APNqud0 is your go-to destination for #DataScience #courses ! With our expertly crafted curriculum\xe2\x80\xa6 https://t.co/EW8nLTA8NV'
84,2,b'RT @theliverdr: 2/\nApart from featuring science-based data  it also featured prevention and treatment options for Covid from The Ministry o\xe2\x80\xa6'
85,2,b'RT @DataScienceDojo: \xf0\x9f\x98\x82 Time for you to take a short break: here is a weekly data science joke  hoping it to bring laughs for you all!\n\n#Dat\xe2\x80\xa6'
86,2,b'RT @NickWolfinger: Interesting new study looks at data on California mass shooters from the past 40 years and identifies distinctive patter\xe2\x80\xa6'
87,2,b'RT @OgbeniDipo: Top 15 In-Demand Tech Skills For 2023\n\xe2\x80\xa2AI\n\xe2\x80\xa2AR\n\xe2\x80\xa2Blockchain\n\xe2\x80\xa2Cybersecurity\n\xe2\x80\xa2Cloud Computing\n\xe2\x80\xa2Data Science\n\xe2\x80\xa2DevOps\n\xe2\x80\xa2Digital Ma\xe2\x80\xa6'
88,2,b'RT @_ClimateCraze: Science shows that more CO2 can increase air temperature.  A warmer atmosphere allows higher humidity  which supports mo\xe2\x80\xa6'
89,2,b'RT @gp_pulipaka: Master #DataScience with This Comprehensive Cheat-Sheet! #BigData #Analytics #AI #MachineLearning #IoT #IIoT #Python #RSta\xe2\x80\xa6'
90,2,b'RT @Uniswap: Our experts @xin__wan and @AustinAdams10 are speaking today at @DuneAnalytics DuneCon about data science on Uniswap v3 and the\xe2\x80\xa6'
91,2,b'RT @theliverdr: 2/\nApart from featuring science-based data  it also featured prevention and treatment options for Covid from The Ministry o\xe2\x80\xa6'
92,2,b'RT @gp_pulipaka: Top 6 #DataScience #Books for Beginners \xe2\x80\x93 2023 by Alieen Scott! #BigData #Analytics #AI #MachineLearning #IoT #IIoT #Pytho\xe2\x80\xa6'
93,2,b'2/\nApart from featuring science-based data  it also featured prevention and treatment options for Covid from The Mi\xe2\x80\xa6 https://t.co/KTpMQFzOLF'
94,2,b'RT @zezaht: As part of my Data Science and Business Analytics internship at   @tsfsingapore I performed an exploratory data analysis on a g\xe2\x80\xa6'
95,2,b'@gilmcgowan She right!  The data and true science didn\xe2\x80\x99t support their actions and much damage was done!  She\xe2\x80\x99s fol\xe2\x80\xa6 https://t.co/7mjsQOg5Ts'
96,2,b'Introducing The Data Timehouse: Bringing Data Science to Data https://t.co/c9tk3Mt44B via @Finextra'
97,2,b'@fwn_science IPCCs projections are proven wrong every single year. Their models debunked. Only Marxists find their data useful.'
98,2,b'Collaborative Calculation and Data Science #Chatbot via https://t.co/GqRYjZft6s https://t.co/pqyqemLxEr'
99,2,"b""The Rise and Fall of a Commercial Seaweed - and a Community's Fortunes With It: The Wire Science\xe2\x80\xa6 https://t.co/a6oLBxfE8i"""
100,2,b'RT @vesitedu: Research Forum of VESIT In Association with Department of Artificial Intelligence &amp; Data Science Under the guidance of VESIT-\xe2\x80\xa6'
